<?xml version="1.0" encoding="UTF-8"?>
<metadata xml:lang="es"><Esri><CreaDate>20240314</CreaDate><CreaTime>09000900</CreaTime><ArcGISFormat>1.0</ArcGISFormat><SyncOnce>TRUE</SyncOnce><DataProperties><lineage><Process ToolSource="c:\program files (x86)\arcgis\desktop10.6\ArcToolbox\Toolboxes\Data Management Tools.tbx\CalculateField" Date="20240314" Time="090009">CalculateField "LÍMTES REFERENCIALES\PERU_DEPARTAMENTOS_2022" DEPARTAMEN [NOMBDEP] VB #</Process><Process ToolSource="c:\program files (x86)\arcgis\desktop10.6\ArcToolbox\Toolboxes\Data Management Tools.tbx\CalculateField" Date="20240314" Time="090107">CalculateField "LÍMTES REFERENCIALES\PERU_DEPARTAMENTOS_2022" FUENTE "INEI" VB #</Process></lineage></DataProperties></Esri></metadata>
